"","e","v","cc","spl","md","gd","nd","ad"
"1",641,358,0.381003894418001,5.01738743900804,0.794619366677943,0.0100308279736476,22,3.58100558659218
