"","e","v","cc","spl","md","gd","nd","ad"
"1",56,65,0.545454545454545,1.44433144561009,0.821269132653061,0.0269230769230769,4,1.72307692307692
