"","e","v","cc","spl","md","gd","nd","ad"
"1",13096,627,0.622168941208888,5.92014174866704,0.502459761923508,0.0667308701611712,17,41.7735247208931
